"Rel","W","H","Size"
"carved_png_9826280.png","65","50","9096"
"carved_png_9844280.png","66","66","5616"
"carved_png_9646760.png","76","19","4083"
"carved_png_9654496.png","76","19","4798"
"carved_png_9642568.png","95","19","4170"
"carved_png_9659312.png","95","19","4199"
"carved_png_9650864.png","114","19","3616"
"carved_png_9632720.png","114","19","4207"
"carved_png_11132320.png","132","16","3658"
"carved_png_9624360.png","136","19","4316"
"carved_png_9628696.png","171","19","4008"
"carved_png_9636944.png","171","19","5605"
"carved_png_10705176.png","176","16","6852"
"carved_png_10753712.png","234","60","16733"
"carved_png_10810632.png","250","50","9183"
